review_score,frequency,comment_rate
1,0.1151581486323513,0.766170905570712
2,0.03173107131636821,0.6812519961673587
3,0.08242376333951537,0.43501782859953275
4,0.1929403180201271,0.31248030255278914
5,0.5777466986916381,0.35870404153802976
